Metric,Value
MAE,170.36645521621577
MSE,106811.23585468016
