Metric,Value
MAE,194.55191178531953
MSE,500518.17337795906
