Metric,Value
MAE,168.74118595124148
MSE,179356.1015609679
