Metric,Value
MAE,167.30322437993607
MSE,115448.44009941827
