Metric,Value
MAE,160.53189609019228
MSE,156768.21894226418
