Metric,Value
MAE,201.53547160403383
MSE,422740.8447918116
