Metric,Value
MAE,160.96713770936907
MSE,113187.07187954837
