Metric,Value
MAE,189.09915876286024
MSE,224868.3870214044
