Metric,Value
MAE,180.3448193403937
MSE,158102.41611872442
