Metric,Value
MAE,171.6915721798549
MSE,169138.15764439068
