Metric,Value
MAE,175.01053374055243
MSE,173751.86159849615
