Metric,Value
MAE,176.5310022340558
MSE,329278.861736743
