Metric,Value
MAE,193.69321600183892
MSE,379086.6267653579
