Metric,Value
MAE,188.28718222670383
MSE,324380.7889944171
