Metric,Value
MAE,161.62267231261515
MSE,123953.67882172919
