Metric,Value
MAE,158.4748861899956
MSE,188876.976598511
