Metric,Value
MAE,154.6863471361473
MSE,139236.22203753056
