Metric,Value
MAE,159.10572608393792
MSE,109277.90378829528
