Metric,Value
MAE,165.97438817390906
MSE,162940.15353381456
