Metric,Value
MAE,198.3101005450007
MSE,641674.6428235043
