Metric,Value
MAE,216.8045555428376
MSE,482494.9993864148
