Metric,Value
MAE,197.54868013404078
MSE,608756.8375751995
