Metric,Value
MAE,209.06084326453805
MSE,240997.70899567052
