Metric,Value
MAE,154.0699199296547
MSE,152896.5212979839
