Metric,Value
MAE,158.86054366929025
MSE,133351.13502149173
