Metric,Value
MAE,175.71952170650636
MSE,165320.3082950348
