Metric,Value
MAE,186.61203205891414
MSE,364303.46586570254
