Metric,Value
MAE,155.5207754955545
MSE,138664.64070785308
