Metric,Value
MAE,187.98178059496516
MSE,182516.89630822852
