Metric,Value
MAE,169.23554344616286
MSE,181886.4819283749
