Metric,Value
MAE,179.6251144722434
MSE,256823.79519596015
