Metric,Value
MAE,169.41713483777147
MSE,154058.39481923546
