Metric,Value
MAE,167.0647232911573
MSE,156061.2228128657
