Metric,Value
MAE,180.22367980131318
MSE,182695.37783466076
