Metric,Value
MAE,154.16364833681203
MSE,95819.04215603213
