Metric,Value
MAE,152.97703183898537
MSE,113005.88600289036
