Metric,Value
MAE,158.40542301980506
MSE,100984.59387167769
