Metric,Value
MAE,218.31029416638302
MSE,234123.73523959817
