Metric,Value
MAE,199.42361019388235
MSE,317507.6562280116
