Metric,Value
MAE,202.92352007341293
MSE,351377.75743776426
