Metric,Value
MAE,189.6798128149911
MSE,321538.4468006179
