Metric,Value
MAE,171.51370178070266
MSE,143721.03014016803
