Metric,Value
MAE,174.1139194027132
MSE,246425.90976973216
