Metric,Value
MAE,209.41576504802086
MSE,188025.44128774002
