Metric,Value
MAE,150.8863860385982
MSE,94460.22961562643
