Metric,Value
MAE,178.61922693050278
MSE,309419.38167535467
