Metric,Value
MAE,164.27328549838288
MSE,158904.69613027363
