Metric,Value
MAE,219.8804971639895
MSE,395802.8183187983
