Metric,Value
MAE,168.0662198437836
MSE,106320.53810441417
