Metric,Value
MAE,185.4339882810644
MSE,319378.45201813953
