Metric,Value
MAE,155.62556503262525
MSE,112792.74349402361
