Metric,Value
MAE,171.7502512350079
MSE,179548.6217132166
