Metric,Value
MAE,166.45834745444256
MSE,138336.41071365474
