Metric,Value
MAE,164.20345382036356
MSE,119678.64344239401
