Metric,Value
MAE,199.89410107720067
MSE,271502.18141693407
