Metric,Value
MAE,142.42648563383236
MSE,107526.954104679
