Metric,Value
MAE,169.73500975552878
MSE,167875.9200151486
