Metric,Value
MAE,163.6029822639643
MSE,108123.91320397335
