Metric,Value
MAE,176.74690256730864
MSE,169770.42001034017
