Metric,Value
MAE,165.0050437064762
MSE,154568.86405847064
