Metric,Value
MAE,162.87130373514674
MSE,140420.17394896585
