Metric,Value
MAE,164.27718772250032
MSE,130596.06197069946
